site,platform,status,package,version,public_url,verification_method,verification_result,credential_status,blocked_reason,notes
https://digibouquetai.com,github,verified,bbwdadfg/digibouquetai-site-kit,v0.1.1,https://github.com/bbwdadfg/digibouquetai-site-kit,github_api_and_public_http,public repository and v0.1.1 release returned HTTP 200; homepage and topics match target,gh_authenticated_session_used,,Source commits c929615 and 2af1e47; tags v0.1.0 and v0.1.1.
https://digibouquetai.com,pkg_go_dev,published,github.com/bbwdadfg/digibouquetai-site-kit,v0.1.1,https://pkg.go.dev/github.com/bbwdadfg/digibouquetai-site-kit@v0.1.1,go_proxy_http,Go proxy .info and .mod returned HTTP 200; pkg.go.dev returned 404 during initial indexing check,not_required,,Local go test coverage: 91.7%.; Keep published until pkg.go.dev documentation page returns HTTP 200.
https://digibouquetai.com,packagist,planned,bbwdadfg/digibouquetai-site-kit,,https://packagist.org/packages/bbwdadfg/digibouquetai-site-kit,not_run,not verified,keychain_item_present_not_used,,Composer artifact not generated in this run.
https://digibouquetai.com,crates_io_docs_rs,blocked_credentials,digibouquetai-site-kit,,https://crates.io/crates/digibouquetai-site-kit,not_run,not verified,keychain_item_missing,macOS Keychain service publish-package-backlinks/crates-token is missing,Registry API confirmed the candidate name was available.
https://digibouquetai.com,rubygems,blocked_credentials,digibouquetai-site-kit,,https://rubygems.org/gems/digibouquetai-site-kit,not_run,not verified,keychain_item_missing,macOS Keychain service publish-package-backlinks/rubygems-api-key is missing,Registry API confirmed the candidate name was available.
https://digibouquetai.com,npm,verified,digibouquetai-site-kit,0.1.0,https://www.npmjs.com/package/digibouquetai-site-kit,npm_registry_json,latest is 0.1.0; homepage and repository match; tarball shasum ecb9efdce023cc7be23fb3849dce870e4e52cf7e,keychain_token_used,,"npm test passed 4/4 with 100% line, branch, and function coverage.; npm pack dry-run contained only LICENSE, README.md, index.d.ts, index.js, and package.json.; npmjs.com HTML returned 403 from automated HTTP, so authoritative registry JSON was used."
https://digibouquetai.com,pypi,planned,digibouquetai-site-kit,,https://pypi.org/project/digibouquetai-site-kit/,not_run,not verified,keychain_item_present_not_used,,Registry JSON confirmed the candidate name was available.; Python artifact not generated in this run.
https://digibouquetai.com,pub_dev,planned,digibouquetai_site_kit,,https://pub.dev/packages/digibouquetai_site_kit,not_run,not verified,oauth_not_checked,,Registry API confirmed the candidate name was available.; Dart artifact not generated in this run.
https://digibouquetai.com,hex_hexdocs,planned,digibouquetai_site_kit,,https://hex.pm/packages/digibouquetai_site_kit,not_run,not verified,keychain_item_present_not_used,,Registry API confirmed the candidate name was available.; Elixir artifact not generated in this run.
https://digibouquetai.com,clojars,planned,net.clojars.tianwei/digibouquetai-site-kit,,https://clojars.org/net.clojars.tianwei/digibouquetai-site-kit,not_run,not verified,keychain_items_present_not_used,,Java/Clojars artifact not generated in this run.
https://digibouquetai.com,docker_hub,planned,baiwei111/digibouquetai-site-kit,,https://hub.docker.com/r/baiwei111/digibouquetai-site-kit,not_run,not verified,keychain_items_present_not_used,,OCI image was not generated in this run.
https://digibouquetai.com,jsr,blocked_oauth,@bbwdadfg/digibouquetai-site-kit,0.1.0,https://jsr.io/@bbwdadfg/digibouquetai-site-kit,jsr_cli_dry_run_and_orca_snapshot,JSR dry-run passed; Orca tab e074945e-eb9c-4e01-bc5e-8465dfdf14be is stopped at Sign in to JSR,keychain_item_present_not_used,JSR requires sign-in and first-time scoped package approval before live publish,"Live publish was not attempted because the new package API returned 404 and approval is user-controlled.; The jsr CLI wrapper can expose token arguments on failure, so no token was passed before namespace approval."
https://digibouquetai.com,maven_central_javadoc,planned,io.github.bbwdadfg:digibouquetai-site-kit,,https://central.sonatype.com/artifact/io.github.bbwdadfg/digibouquetai-site-kit,not_run,not verified,keychain_items_present_not_used,,Central-ready Java artifact and signatures were not generated in this run.
https://digibouquetai.com,nuget,planned,DigibouquetaiSiteKit,,https://www.nuget.org/packages/DigibouquetaiSiteKit,not_run,not verified,keychain_item_present_not_used,,Registry API confirmed the candidate ID was available.; .NET artifact not generated in this run.
https://digibouquetai.com,cocoapods,planned,DigibouquetaiSiteKit,,https://cocoapods.org/pods/DigibouquetaiSiteKit,not_run,not verified,keychain_item_present_not_used,,Trunk API confirmed the candidate pod name was available.; Swift pod was not generated in this run.
https://digibouquetai.com,luarocks,planned,bbwdadfg/digibouquetai-site-kit,,https://luarocks.org/modules/bbwdadfg/digibouquetai-site-kit,not_run,not verified,keychain_item_present_not_used,,Lua rock was not generated in this run.
https://digibouquetai.com,cpan_metacpan,planned,DigiBouquetAI-SiteKit,,https://metacpan.org/dist/DigiBouquetAI-SiteKit,not_run,not verified,keychain_items_present_not_used,,Perl distribution was not generated in this run.; Prior run memory reports stored PAUSE credentials returned 401; revalidate before publish.
https://digibouquetai.com,hackage,blocked_credentials,digibouquetai-site-kit,,https://hackage.haskell.org/package/digibouquetai-site-kit,not_run,not verified,keychain_item_missing,macOS Keychain service publish-package-backlinks/hackage-token is missing; first upload may also require uploader review,Registry HTTP check confirmed the candidate name was available.
https://digibouquetai.com,chocolatey,planned,digibouquetai-site-kit,,https://community.chocolatey.org/packages/digibouquetai-site-kit,not_run,not verified,keychain_item_present_not_used,,Windows package was not generated in this run.
https://digibouquetai.com,github_packages,planned,@bbwdadfg/digibouquetai-site-kit,,https://github.com/bbwdadfg/digibouquetai-site-kit/pkgs/npm/digibouquetai-site-kit,not_run,not verified,keychain_item_present_not_used,,GitHub Packages copy was not published in this run.
https://digibouquetai.com,gitlab_packages,planned,digibouquetai-site-kit,,,not_run,not verified,keychain_item_present_not_used,,GitLab project/package was not created in this run.
https://digibouquetai.com,terraform_registry,skipped_not_applicable,,,,not_run,not verified,not_applicable,No infrastructure or self-hosting use case.,No infrastructure or self-hosting use case.
https://digibouquetai.com,helm_artifact_hub,skipped_not_applicable,,,,not_run,not verified,not_applicable,No Kubernetes or self-hosted deployment use case.,No Kubernetes or self-hosted deployment use case.
https://digibouquetai.com,ansible_galaxy,skipped_not_applicable,,,,not_run,not verified,not_applicable,No system automation or deployment use case.,No system automation or deployment use case.
https://digibouquetai.com,open_vsx,skipped_not_applicable,,,,not_run,not verified,not_applicable,No natural editor or developer-tool workflow.,No natural editor or developer-tool workflow.
https://digibouquetai.com,wordpress_plugin_directory,skipped_not_applicable,,,,not_run,not verified,not_applicable,No real WordPress integration was identified.,No real WordPress integration was identified.
https://digibouquetai.com,aur,skipped_not_applicable,,,,not_run,not verified,not_applicable,No real Arch CLI or desktop application exists.,No real Arch CLI or desktop application exists.
https://digibouquetai.com,conda_forge,skipped_not_applicable,,,,not_run,not verified,not_applicable,Generic site helper has no scientific or conda-specific value.,Generic site helper has no scientific or conda-specific value.
https://digibouquetai.com,cran,skipped_not_applicable,,,,not_run,not verified,not_applicable,No real R utility exists.,No real R utility exists.
https://digibouquetai.com,flathub,skipped_not_applicable,,,,not_run,not verified,not_applicable,"DigiBouquet AI is a web app, not a desktop application.","DigiBouquet AI is a web app, not a desktop application."
https://digibouquetai.com,homebrew,skipped_not_applicable,,,,not_run,not verified,not_applicable,No substantive CLI or desktop application exists.,No substantive CLI or desktop application exists.
